time,filename,pathname,exception name,exception data,error report filename
Wed Apr 26 13:07:38 2017,sample.py,Context\sample.py,AssertionError,,C:\Users\balavala\Desktop\sample\ErrorMsgs\Error-sample.py-2017-04-26-13-07-38-690666.html
Wed Apr 26 16:13:58 2017,sample.psp,Context\sample.psp,ImportError,No module named whrandom,C:\Users\balavala\Desktop\sample\ErrorMsgs\Error-sample.psp-2017-04-26-16-13-58-752812.html
Wed Apr 26 16:14:46 2017,sample.psp,Context\sample.psp,AttributeError,'module' object has no attribute 'TextField',C:\Users\balavala\Desktop\sample\ErrorMsgs\Error-sample.psp-2017-04-26-16-14-46-003892.html
Wed Apr 26 16:14:47 2017,sample.psp,Context\sample.psp,AttributeError,'module' object has no attribute 'TextField',C:\Users\balavala\Desktop\sample\ErrorMsgs\Error-sample.psp-2017-04-26-16-14-47-659779.html
Wed Apr 26 16:14:48 2017,sample.psp,Context\sample.psp,AttributeError,'module' object has no attribute 'TextField',C:\Users\balavala\Desktop\sample\ErrorMsgs\Error-sample.psp-2017-04-26-16-14-48-672840.html
Wed Apr 26 16:14:48 2017,sample.psp,Context\sample.psp,AttributeError,'module' object has no attribute 'TextField',C:\Users\balavala\Desktop\sample\ErrorMsgs\Error-sample.psp-2017-04-26-16-14-48-522548.html
Wed Apr 26 16:19:57 2017,sample.psp,Context\sample.psp,AttributeError,'Context_sample_psp' object has no attribute '_erroneousRequest',C:\Users\balavala\Desktop\sample\ErrorMsgs\Error-sample.psp-2017-04-26-16-19-57-476907.html
Wed Apr 26 16:21:36 2017,sample.psp,Context\sample.psp,AttributeError,'Register' object has no attribute '_erroneousRequest',C:\Users\balavala\Desktop\sample\ErrorMsgs\Error-sample.psp-2017-04-26-16-21-36-204017.html
Wed Apr 26 16:21:37 2017,sample.psp,Context\sample.psp,AttributeError,'Register' object has no attribute '_erroneousRequest',C:\Users\balavala\Desktop\sample\ErrorMsgs\Error-sample.psp-2017-04-26-16-21-37-916438.html
Wed Apr 26 16:21:37 2017,sample.psp,Context\sample.psp,AttributeError,'Register' object has no attribute '_erroneousRequest',C:\Users\balavala\Desktop\sample\ErrorMsgs\Error-sample.psp-2017-04-26-16-21-37-484200.html
Wed Apr 26 16:21:38 2017,sample.psp,Context\sample.psp,AttributeError,'Register' object has no attribute '_erroneousRequest',C:\Users\balavala\Desktop\sample\ErrorMsgs\Error-sample.psp-2017-04-26-16-21-38-398567.html
Wed Apr 26 16:21:38 2017,sample.psp,Context\sample.psp,AttributeError,'Register' object has no attribute '_erroneousRequest',C:\Users\balavala\Desktop\sample\ErrorMsgs\Error-sample.psp-2017-04-26-16-21-38-942898.html
Wed Apr 26 16:23:34 2017,sample.psp,Context\sample.psp,TypeError,unbound method renderForm() must be called with Register instance as first argument (got nothing instead),C:\Users\balavala\Desktop\sample\ErrorMsgs\Error-sample.psp-2017-04-26-16-23-34-625679.html
Wed Apr 26 16:24:08 2017,sample.psp,Context\sample.psp,TypeError,"super() argument 1 must be type, not Context_sample_psp",C:\Users\balavala\Desktop\sample\ErrorMsgs\Error-sample.psp-2017-04-26-16-24-08-053337.html
Wed Apr 26 16:29:53 2017,sample.psp,Context\sample.psp,AttributeError,'Context_sample_psp' object has no attribute '_erroneousRequest',C:\Users\balavala\Desktop\sample\ErrorMsgs\Error-sample.psp-2017-04-26-16-29-53-971547.html
Wed Apr 26 16:31:58 2017,sample.py,Context\funforms\sample.py,ValueError,Cannot find expected servlet class 'sample' in 'Context\\funforms\\sample.py'.,C:\Users\balavala\Desktop\sample\ErrorMsgs\Error-sample.py-2017-04-26-16-31-58-813015.html
Wed Apr 26 16:32:51 2017,sample.py,Context\funforms\sample.py,ValueError,Cannot find expected servlet class 'sample' in 'Context\\funforms\\sample.py'.,C:\Users\balavala\Desktop\sample\ErrorMsgs\Error-sample.py-2017-04-26-16-32-51-925587.html
Wed Apr 26 16:32:52 2017,sample.py,Context\funforms\sample.py,ValueError,Cannot find expected servlet class 'sample' in 'Context\\funforms\\sample.py'.,C:\Users\balavala\Desktop\sample\ErrorMsgs\Error-sample.py-2017-04-26-16-32-52-721624.html
Wed Apr 26 16:32:53 2017,sample.py,Context\funforms\sample.py,ValueError,Cannot find expected servlet class 'sample' in 'Context\\funforms\\sample.py'.,C:\Users\balavala\Desktop\sample\ErrorMsgs\Error-sample.py-2017-04-26-16-32-53-477897.html
Wed Apr 26 16:45:20 2017,sample.psp,Context\sample.psp,ImportError,cannot import name Register,C:\Users\balavala\Desktop\sample\ErrorMsgs\Error-sample.psp-2017-04-26-16-45-20-786113.html
Wed Apr 26 17:59:31 2017,sample.psp,Context\sample.psp,KeyError,'__nonzero__',C:\Users\balavala\Desktop\sample\ErrorMsgs\Error-sample.psp-2017-04-26-17-59-31-228776.html
Thu Apr 27 10:06:37 2017,sample.psp,Context\sample.psp,TypeError,unbound method renderForm() must be called with sample instance as first argument (got nothing instead),C:\Users\balavala\Desktop\sample\ErrorMsgs\Error-sample.psp-2017-04-27-10-06-37-733027.html
Thu Apr 27 10:13:24 2017,sample.psp,Context\sample.psp,KeyError,'__dir__',C:\Users\balavala\Desktop\sample\ErrorMsgs\Error-sample.psp-2017-04-27-10-13-24-428827.html
Thu Apr 27 10:40:51 2017,sample.psp,Context\sample.psp,KeyError,'__nonzero__',C:\Users\balavala\Desktop\sample\ErrorMsgs\Error-sample.psp-2017-04-27-10-40-51-396918.html
Thu Apr 27 10:41:37 2017,sample.psp,Context\sample.psp,KeyError,'__nonzero__',C:\Users\balavala\Desktop\sample\ErrorMsgs\Error-sample.psp-2017-04-27-10-41-37-832484.html
Thu Apr 27 10:42:09 2017,sample.psp,Context\sample.psp,KeyError,'__nonzero__',C:\Users\balavala\Desktop\sample\ErrorMsgs\Error-sample.psp-2017-04-27-10-42-09-044724.html
Thu Apr 27 10:45:33 2017,sample.psp,Context\sample.psp,KeyError,'__nonzero__',C:\Users\balavala\Desktop\sample\ErrorMsgs\Error-sample.psp-2017-04-27-10-45-33-309077.html
Thu Apr 27 10:46:12 2017,sample.psp,Context\sample.psp,KeyError,'__nonzero__',C:\Users\balavala\Desktop\sample\ErrorMsgs\Error-sample.psp-2017-04-27-10-46-12-244378.html
Thu Apr 27 11:02:49 2017,sample.psp,Context\sample.psp,TypeError,htFormLayout() takes at least 2 arguments (1 given),C:\Users\balavala\Desktop\sample\ErrorMsgs\Error-sample.psp-2017-04-27-11-02-49-777950.html
Thu Apr 27 11:07:47 2017,sample.psp,Context\sample.psp,TypeError,renderableField() takes exactly 2 arguments (1 given),C:\Users\balavala\Desktop\sample\ErrorMsgs\Error-sample.psp-2017-04-27-11-07-47-738710.html
Thu Apr 27 11:48:01 2017,sample.psp,Context\sample.psp,KeyError,'firstname',C:\Users\balavala\Desktop\sample\ErrorMsgs\Error-sample.psp-2017-04-27-11-48-01-207174.html
Thu Apr 27 11:48:37 2017,sample.psp,Context\sample.psp,KeyError,'firstname',C:\Users\balavala\Desktop\sample\ErrorMsgs\Error-sample.psp-2017-04-27-11-48-37-492205.html
Thu Apr 27 11:49:00 2017,sample.psp,Context\sample.psp,KeyError,'firstname',C:\Users\balavala\Desktop\sample\ErrorMsgs\Error-sample.psp-2017-04-27-11-49-00-146946.html
Thu Apr 27 11:52:42 2017,sample.psp,Context\sample.psp,AttributeError,'Context_sample_psp' object has no attribute 'renderForm',C:\Users\balavala\Desktop\sample\ErrorMsgs\Error-sample.psp-2017-04-27-11-52-42-280272.html
Thu Apr 27 14:20:19 2017,sample.psp,Context\sample.psp,SyntaxError,"invalid syntax (Context_sample_psp.py, line 58)",C:\Users\balavala\Desktop\sample\ErrorMsgs\Error-sample.psp-2017-04-27-14-20-19-406895.html
Fri Apr 28 12:23:37 2017,acb.psp,Context\acb.psp,AttributeError,Context_acb_psp instance has no attribute 'setFactory',C:\Users\balavala\Desktop\sample\ErrorMsgs\Error-acb.psp-2017-04-28-12-23-37-506850.html
Fri Apr 28 12:29:52 2017,acb.psp,Context\acb.psp,SyntaxError,"invalid syntax (Context_acb_psp.py, line 70)",C:\Users\balavala\Desktop\sample\ErrorMsgs\Error-acb.psp-2017-04-28-12-29-52-814117.html
Fri Apr 28 12:32:06 2017,acb.psp,Context\acb.psp,AttributeError,Acb instance has no attribute '_erroneousRequest',C:\Users\balavala\Desktop\sample\ErrorMsgs\Error-acb.psp-2017-04-28-12-32-06-665965.html
Fri Apr 28 12:33:15 2017,acb.psp,Context\acb.psp,AttributeError,Acb instance has no attribute '_erroneousRequest',C:\Users\balavala\Desktop\sample\ErrorMsgs\Error-acb.psp-2017-04-28-12-33-15-755066.html
Fri Apr 28 12:36:17 2017,acb.psp,Context\acb.psp,AttributeError,Acb instance has no attribute '_erroneousRequest',C:\Users\balavala\Desktop\sample\ErrorMsgs\Error-acb.psp-2017-04-28-12-36-17-590947.html
Fri Apr 28 12:36:34 2017,acb.psp,Context\acb.psp,AttributeError,Acb instance has no attribute '_erroneousRequest',C:\Users\balavala\Desktop\sample\ErrorMsgs\Error-acb.psp-2017-04-28-12-36-34-872548.html
Fri Apr 28 12:36:54 2017,acb.psp,Context\acb.psp,AttributeError,Acb instance has no attribute '_erroneousRequest',C:\Users\balavala\Desktop\sample\ErrorMsgs\Error-acb.psp-2017-04-28-12-36-54-115366.html
Fri Apr 28 12:38:09 2017,acb.psp,Context\acb.psp,AttributeError,'Acb' object has no attribute '_erroneousRequest',C:\Users\balavala\Desktop\sample\ErrorMsgs\Error-acb.psp-2017-04-28-12-38-09-195307.html
Fri Apr 28 12:38:10 2017,acb.psp,Context\acb.psp,AttributeError,'Acb' object has no attribute '_erroneousRequest',C:\Users\balavala\Desktop\sample\ErrorMsgs\Error-acb.psp-2017-04-28-12-38-10-963980.html
Fri Apr 28 12:38:35 2017,acb.psp,Context\acb.psp,AttributeError,'Acb' object has no attribute '_erroneousRequest',C:\Users\balavala\Desktop\sample\ErrorMsgs\Error-acb.psp-2017-04-28-12-38-35-416955.html
Fri Apr 28 12:43:18 2017,acb.psp,Context\acb.psp,AttributeError,'Acb' object has no attribute '_erroneousRequest',C:\Users\balavala\Desktop\sample\ErrorMsgs\Error-acb.psp-2017-04-28-12-43-18-304268.html
Fri Apr 28 12:43:39 2017,acb.psp,Context\acb.psp,NameError,global name 'rf' is not defined,C:\Users\balavala\Desktop\sample\ErrorMsgs\Error-acb.psp-2017-04-28-12-43-39-755056.html
Fri Apr 28 12:45:27 2017,acb.psp,Context\acb.psp,AttributeError,'Acb' object has no attribute '_erroneousRequest',C:\Users\balavala\Desktop\sample\ErrorMsgs\Error-acb.psp-2017-04-28-12-45-27-836524.html
Fri Apr 28 12:52:30 2017,acb.psp,Context\acb.psp,AttributeError,'Acb' object has no attribute '_erroneousRequest',C:\Users\balavala\Desktop\sample\ErrorMsgs\Error-acb.psp-2017-04-28-12-52-30-636659.html
Fri Apr 28 12:53:16 2017,acb.psp,Context\acb.psp,AttributeError,'Acb' object has no attribute '_erroneousRequest',C:\Users\balavala\Desktop\sample\ErrorMsgs\Error-acb.psp-2017-04-28-12-53-16-312090.html
Fri Apr 28 12:54:09 2017,acb.psp,Context\acb.psp,TypeError,unbound method __init__() must be called with Page instance as first argument (got Context_acb_psp instance instead),C:\Users\balavala\Desktop\sample\ErrorMsgs\Error-acb.psp-2017-04-28-12-54-09-319859.html
Fri Apr 28 12:54:20 2017,acb.psp,Context\acb.psp,AttributeError,Context_acb_psp instance has no attribute 'setFactory',C:\Users\balavala\Desktop\sample\ErrorMsgs\Error-acb.psp-2017-04-28-12-54-20-585340.html
Fri Apr 28 12:54:37 2017,acb.psp,Context\acb.psp,AttributeError,Context_acb_psp instance has no attribute 'setFactory',C:\Users\balavala\Desktop\sample\ErrorMsgs\Error-acb.psp-2017-04-28-12-54-37-768391.html
Fri Apr 28 12:55:09 2017,acb.psp,Context\acb.psp,AttributeError,Context_acb_psp instance has no attribute 'setFactory',C:\Users\balavala\Desktop\sample\ErrorMsgs\Error-acb.psp-2017-04-28-12-55-09-684865.html
Fri Apr 28 12:55:10 2017,acb.psp,Context\acb.psp,AttributeError,Context_acb_psp instance has no attribute 'setFactory',C:\Users\balavala\Desktop\sample\ErrorMsgs\Error-acb.psp-2017-04-28-12-55-10-838524.html
Fri Apr 28 12:55:10 2017,acb.psp,Context\acb.psp,AttributeError,Context_acb_psp instance has no attribute 'setFactory',C:\Users\balavala\Desktop\sample\ErrorMsgs\Error-acb.psp-2017-04-28-12-55-10-769923.html
Fri Apr 28 12:55:10 2017,acb.psp,Context\acb.psp,AttributeError,Context_acb_psp instance has no attribute 'setFactory',C:\Users\balavala\Desktop\sample\ErrorMsgs\Error-acb.psp-2017-04-28-12-55-10-821637.html
Fri Apr 28 12:55:10 2017,acb.psp,Context\acb.psp,AttributeError,Context_acb_psp instance has no attribute 'setFactory',C:\Users\balavala\Desktop\sample\ErrorMsgs\Error-acb.psp-2017-04-28-12-55-10-789604.html
Fri Apr 28 12:55:11 2017,acb.psp,Context\acb.psp,AttributeError,Context_acb_psp instance has no attribute 'setFactory',C:\Users\balavala\Desktop\sample\ErrorMsgs\Error-acb.psp-2017-04-28-12-55-11-157247.html
Fri Apr 28 12:55:11 2017,acb.psp,Context\acb.psp,AttributeError,Context_acb_psp instance has no attribute 'setFactory',C:\Users\balavala\Desktop\sample\ErrorMsgs\Error-acb.psp-2017-04-28-12-55-11-356964.html
Fri Apr 28 12:55:11 2017,acb.psp,Context\acb.psp,AttributeError,Context_acb_psp instance has no attribute 'setFactory',C:\Users\balavala\Desktop\sample\ErrorMsgs\Error-acb.psp-2017-04-28-12-55-11-907556.html
Fri Apr 28 12:55:45 2017,acb.psp,Context\acb.psp,AttributeError,'Acb' object has no attribute '_erroneousRequest',C:\Users\balavala\Desktop\sample\ErrorMsgs\Error-acb.psp-2017-04-28-12-55-45-127426.html
Fri Apr 28 12:56:13 2017,acb.psp,Context\acb.psp,SyntaxError,"invalid syntax (Context_acb_psp.py, line 71)",C:\Users\balavala\Desktop\sample\ErrorMsgs\Error-acb.psp-2017-04-28-12-56-13-227625.html
Wed May 03 09:11:38 2017,acb.py,Context\acb.py,ValueError,Cannot find expected servlet class 'acb' in 'Context\\acb.py'.,C:\Users\balavala\Desktop\sample\ErrorMsgs\Error-acb.py-2017-05-03-09-11-38-691296.html
Wed May 03 09:13:19 2017,acb.py,Context\acb.py,ValueError,Cannot find expected servlet class 'acb' in 'Context\\acb.py'.,C:\Users\balavala\Desktop\sample\ErrorMsgs\Error-acb.py-2017-05-03-09-13-19-189045.html
Wed May 03 09:13:23 2017,acb.py,Context\acb.py,ValueError,Cannot find expected servlet class 'acb' in 'Context\\acb.py'.,C:\Users\balavala\Desktop\sample\ErrorMsgs\Error-acb.py-2017-05-03-09-13-23-165346.html
Wed May 03 09:17:37 2017,acb.psp,Context\acb.psp,AttributeError,'module' object has no attribute 'Acb',C:\Users\balavala\Desktop\sample\ErrorMsgs\Error-acb.psp-2017-05-03-09-17-37-500163.html
Wed May 03 09:18:21 2017,acb.psp,Context\acb.psp,AttributeError,'module' object has no attribute 'Acb',C:\Users\balavala\Desktop\sample\ErrorMsgs\Error-acb.psp-2017-05-03-09-18-21-835443.html
Wed May 03 11:57:40 2017,acb.py,Context\acb.py,AttributeError,'acb' object has no attribute 'serverPath',C:\Users\balavala\Desktop\sample\ErrorMsgs\Error-acb.py-2017-05-03-11-57-40-881767.html
Wed May 03 11:58:31 2017,acb.py,Context\acb.py,AttributeError,'acb' object has no attribute 'serverURL',C:\Users\balavala\Desktop\sample\ErrorMsgs\Error-acb.py-2017-05-03-11-58-31-700498.html
Wed May 03 12:13:37 2017,acb.py,Context\acb.py,KeyError,'user_objects',C:\Users\balavala\Desktop\sample\ErrorMsgs\Error-acb.py-2017-05-03-12-13-37-570030.html
Wed May 03 12:16:00 2017,acb.psp,Context\acb.psp,KeyError,0,C:\Users\balavala\Desktop\sample\ErrorMsgs\Error-acb.psp-2017-05-03-12-16-00-487514.html
Wed May 03 12:16:18 2017,acb.psp,Context\acb.psp,KeyError,'user_objects',C:\Users\balavala\Desktop\sample\ErrorMsgs\Error-acb.psp-2017-05-03-12-16-18-476825.html
Wed May 03 12:16:25 2017,acb.psp,Context\acb.psp,KeyError,'user_objects',C:\Users\balavala\Desktop\sample\ErrorMsgs\Error-acb.psp-2017-05-03-12-16-25-858568.html
Wed May 03 12:16:29 2017,acb.psp,Context\acb.psp,KeyError,'user_objects',C:\Users\balavala\Desktop\sample\ErrorMsgs\Error-acb.psp-2017-05-03-12-16-29-838876.html
Wed May 03 12:17:15 2017,acb.psp,Context\acb.psp,KeyError,'user_objects',C:\Users\balavala\Desktop\sample\ErrorMsgs\Error-acb.psp-2017-05-03-12-17-15-128512.html
Wed May 03 12:18:41 2017,acb.psp,Context\acb.psp,KeyError,'user_objects',C:\Users\balavala\Desktop\sample\ErrorMsgs\Error-acb.psp-2017-05-03-12-18-41-196223.html
Wed May 03 12:19:24 2017,acb.psp,Context\acb.psp,KeyError,'user_objects',C:\Users\balavala\Desktop\sample\ErrorMsgs\Error-acb.psp-2017-05-03-12-19-24-161876.html
Wed May 03 12:19:59 2017,acb.psp,Context\acb.psp,KeyError,'user_objects',C:\Users\balavala\Desktop\sample\ErrorMsgs\Error-acb.psp-2017-05-03-12-19-59-589910.html
Wed May 03 12:20:48 2017,acb.psp,Context\acb.psp,KeyError,0,C:\Users\balavala\Desktop\sample\ErrorMsgs\Error-acb.psp-2017-05-03-12-20-48-614228.html
Wed May 03 12:21:32 2017,acb.psp,Context\acb.psp,KeyError,'user_objects',C:\Users\balavala\Desktop\sample\ErrorMsgs\Error-acb.psp-2017-05-03-12-21-32-501425.html
Wed May 03 12:22:43 2017,acb.psp,Context\acb.psp,KeyError,'user_objects',C:\Users\balavala\Desktop\sample\ErrorMsgs\Error-acb.psp-2017-05-03-12-22-43-113588.html
Wed May 03 12:23:02 2017,acb.psp,Context\acb.psp,KeyError,'user_objects',C:\Users\balavala\Desktop\sample\ErrorMsgs\Error-acb.psp-2017-05-03-12-23-02-848238.html
Wed May 03 12:23:26 2017,acb.psp,Context\acb.psp,KeyError,'user_objects',C:\Users\balavala\Desktop\sample\ErrorMsgs\Error-acb.psp-2017-05-03-12-23-26-280838.html
Wed May 03 12:23:34 2017,acb.psp,Context\acb.psp,KeyError,'user_objects',C:\Users\balavala\Desktop\sample\ErrorMsgs\Error-acb.psp-2017-05-03-12-23-34-949346.html
Wed May 03 12:24:51 2017,acb.psp,Context\acb.psp,SyntaxError,"invalid syntax (Context_acb_psp.py, line 105)",C:\Users\balavala\Desktop\sample\ErrorMsgs\Error-acb.psp-2017-05-03-12-24-51-270287.html
Wed May 03 12:27:53 2017,acb.psp,Context\acb.psp,SyntaxError,"invalid syntax (Context_acb_psp.py, line 113)",C:\Users\balavala\Desktop\sample\ErrorMsgs\Error-acb.psp-2017-05-03-12-27-53-235067.html
Wed May 03 12:28:31 2017,acb.py,Context\acb.py,AttributeError,'function' object has no attribute 'get',C:\Users\balavala\Desktop\sample\ErrorMsgs\Error-acb.py-2017-05-03-12-28-31-510522.html
Wed May 03 20:22:42 2017,Subscriber.py,Context\Subscriber.py,OperationalError,"(sqlite3.OperationalError) no such table: subscriber [SQL: u'INSERT INTO subscriber (id, name, mobile_no, email) VALUES (?, ?, ?, ?)'] [parameters: (5, 'narayanareddy', '8010326382', 'narayana@382')]",C:\Users\balavala\Desktop\sample\ErrorMsgs\Error-Subscriber.py-2017-05-03-20-22-42-763746.html
Wed May 03 20:27:07 2017,Subscriber.py,Context\Subscriber.py,OperationalError,"(sqlite3.OperationalError) no such table: subscriber [SQL: u'INSERT INTO subscriber (id, name, mobile_no, email) VALUES (?, ?, ?, ?)'] [parameters: (5, 'abc', 'ABC', 'ABC')]",C:\Users\balavala\Desktop\sample\ErrorMsgs\Error-Subscriber.py-2017-05-03-20-27-07-122413.html
Wed May 03 21:01:15 2017,Subscriber.py,Context\Subscriber.py,OperationalError,"(sqlite3.OperationalError) no such table: subscriber [SQL: u'INSERT INTO subscriber (id, name, mobile_no, email) VALUES (?, ?, ?, ?)'] [parameters: (5, 'dkqkwfqw', 'didwqdq', 'jwqjdqjdw')]",C:\Users\balavala\Desktop\sample\ErrorMsgs\Error-Subscriber.py-2017-05-03-21-01-15-400174.html
Wed May 03 21:04:40 2017,Subscriber.py,Context\Subscriber.py,OperationalError,"(sqlite3.OperationalError) no such table: subscriber [SQL: u'INSERT INTO subscriber (id, name, mobile_no, email) VALUES (?, ?, ?, ?)'] [parameters: (5, '', '', '')]",C:\Users\balavala\Desktop\sample\ErrorMsgs\Error-Subscriber.py-2017-05-03-21-04-40-942603.html
Wed May 03 21:07:22 2017,Subscriber.py,Context\Subscriber.py,AttributeError,type object 'Subscriber' has no attribute 'insertRecord',C:\Users\balavala\Desktop\sample\ErrorMsgs\Error-Subscriber.py-2017-05-03-21-07-22-120065.html
Wed May 03 21:08:18 2017,Subscriber.py,Context\Subscriber.py,OperationalError,"(sqlite3.OperationalError) no such table: subscriber [SQL: u'INSERT INTO subscriber (id, name, mobile_no, email) VALUES (?, ?, ?, ?)'] [parameters: (5, '', '', '')]",C:\Users\balavala\Desktop\sample\ErrorMsgs\Error-Subscriber.py-2017-05-03-21-08-18-189546.html
Wed May 03 21:23:40 2017,Subscriber.py,Context\Subscriber.py,IntegrityError,"(sqlite3.IntegrityError) UNIQUE constraint failed: subscriber.id [SQL: u'INSERT INTO subscriber (id, name, mobile_no, email) VALUES (?, ?, ?, ?)'] [parameters: (5, 'wqwe', 'wew', 'ewqe')]",C:\Users\balavala\Desktop\sample\ErrorMsgs\Error-Subscriber.py-2017-05-03-21-23-40-581019.html
Wed May 03 21:25:24 2017,Subscriber.py,Context\Subscriber.py,IntegrityError,"(sqlite3.IntegrityError) UNIQUE constraint failed: subscriber.id [SQL: u'INSERT INTO subscriber (id, name, mobile_no, email) VALUES (?, ?, ?, ?)'] [parameters: (6, 'dfds', 'fdsfsadfsa', 'fsadadwqdq')]",C:\Users\balavala\Desktop\sample\ErrorMsgs\Error-Subscriber.py-2017-05-03-21-25-24-845908.html
Wed May 03 21:57:21 2017,Subscriber.psp,Context\Subscriber.psp,AttributeError,type object 'Subscriber' has no attribute 'data',C:\Users\balavala\Desktop\sample\ErrorMsgs\Error-Subscriber.psp-2017-05-03-21-57-21-291108.html
Wed May 03 21:58:54 2017,Subscriber.psp,Context\Subscriber.psp,AttributeError,'Context_Subscriber_psp' object has no attribute 'data',C:\Users\balavala\Desktop\sample\ErrorMsgs\Error-Subscriber.psp-2017-05-03-21-58-54-544078.html
Wed May 03 21:59:10 2017,Subscriber.psp,Context\Subscriber.psp,AttributeError,'Context_Subscriber_psp' object has no attribute 'data',C:\Users\balavala\Desktop\sample\ErrorMsgs\Error-Subscriber.psp-2017-05-03-21-59-10-550077.html
Wed May 03 22:00:58 2017,Subscriber.psp,Context\Subscriber.psp,AttributeError,'Context_Subscriber_psp' object has no attribute 'data',C:\Users\balavala\Desktop\sample\ErrorMsgs\Error-Subscriber.psp-2017-05-03-22-00-58-011299.html
Wed May 03 22:01:35 2017,Subscriber.py,Context\Subscriber.py,IntegrityError,"(sqlite3.IntegrityError) UNIQUE constraint failed: subscriber.id [SQL: u'INSERT INTO subscriber (id, name, mobile_no, email) VALUES (?, ?, ?, ?)'] [parameters: (88, 'ee', 'eee', 'eee')]",C:\Users\balavala\Desktop\sample\ErrorMsgs\Error-Subscriber.py-2017-05-03-22-01-35-643886.html
Wed May 03 22:05:43 2017,Subscriber.py,Context\Subscriber.py,IntegrityError,"(sqlite3.IntegrityError) UNIQUE constraint failed: subscriber.id [SQL: u'INSERT INTO subscriber (id, name, mobile_no, email) VALUES (?, ?, ?, ?)'] [parameters: (88, 'efew', 'fewf', 'fewf')]",C:\Users\balavala\Desktop\sample\ErrorMsgs\Error-Subscriber.py-2017-05-03-22-05-43-057481.html
Wed May 03 22:07:15 2017,Subscriber.psp,Context\Subscriber.psp,TypeError,'Subscriber' object has no attribute '__getitem__',C:\Users\balavala\Desktop\sample\ErrorMsgs\Error-Subscriber.psp-2017-05-03-22-07-15-897741.html
Wed May 03 22:07:56 2017,Subscriber.psp,Context\Subscriber.psp,NameError,global name 'user' is not defined,C:\Users\balavala\Desktop\sample\ErrorMsgs\Error-Subscriber.psp-2017-05-03-22-07-56-657907.html
Wed May 03 22:12:06 2017,Subscriber.py,Context\Subscriber.py,IntegrityError,"(sqlite3.IntegrityError) UNIQUE constraint failed: subscriber.id [SQL: u'INSERT INTO subscriber (id, name, mobile_no, email) VALUES (?, ?, ?, ?)'] [parameters: (88, 'sss', 's', 's')]",C:\Users\balavala\Desktop\sample\ErrorMsgs\Error-Subscriber.py-2017-05-03-22-12-06-240298.html
Wed May 03 22:24:47 2017,Book.psp,Context\Book.psp,InvalidRequestError,"SQL expression, column, or mapped entity expected - got '<class 'Context.Book.Book'>'",C:\Users\balavala\Desktop\sample\ErrorMsgs\Error-Book.psp-2017-05-03-22-24-47-189133.html
Wed May 03 22:28:15 2017,Book.py,Context\Book.py,InvalidRequestError,"SQL expression, column, or mapped entity expected - got '<class 'Context.Book.Book'>'",C:\Users\balavala\Desktop\sample\ErrorMsgs\Error-Book.py-2017-05-03-22-28-15-901032.html
Wed May 03 22:30:16 2017,Book.py,Context\Book.py,InvalidRequestError,"SQL expression, column, or mapped entity expected - got '<class 'Context.Book.Book'>'",C:\Users\balavala\Desktop\sample\ErrorMsgs\Error-Book.py-2017-05-03-22-30-16-425921.html
Wed May 03 22:36:50 2017,Book.psp,Context\Book.psp,AttributeError,'Context_Book_psp' object has no attribute 'getSubscribers',C:\Users\balavala\Desktop\sample\ErrorMsgs\Error-Book.psp-2017-05-03-22-36-50-025413.html
Wed May 03 22:49:54 2017,Book.psp,Context\Book.psp,AttributeError,'function' object has no attribute 'get',C:\Users\balavala\Desktop\sample\ErrorMsgs\Error-Book.psp-2017-05-03-22-49-54-190962.html
Wed May 03 23:17:33 2017,Book.psp,Context\Book.psp,SyntaxError,"EOL while scanning string literal (Context_Book_psp.py, line 115)",C:\Users\balavala\Desktop\sample\ErrorMsgs\Error-Book.psp-2017-05-03-23-17-33-924854.html
Wed May 03 23:17:59 2017,Book.psp,Context\Book.psp,SyntaxError,"EOL while scanning string literal (Context_Book_psp.py, line 115)",C:\Users\balavala\Desktop\sample\ErrorMsgs\Error-Book.psp-2017-05-03-23-17-59-928728.html
Wed May 03 23:18:00 2017,Book.psp,Context\Book.psp,SyntaxError,"EOL while scanning string literal (Context_Book_psp.py, line 115)",C:\Users\balavala\Desktop\sample\ErrorMsgs\Error-Book.psp-2017-05-03-23-18-00-694568.html
Wed May 03 23:18:00 2017,Book.psp,Context\Book.psp,SyntaxError,"EOL while scanning string literal (Context_Book_psp.py, line 115)",C:\Users\balavala\Desktop\sample\ErrorMsgs\Error-Book.psp-2017-05-03-23-18-00-751577.html
Wed May 03 23:18:00 2017,Book.psp,Context\Book.psp,SyntaxError,"EOL while scanning string literal (Context_Book_psp.py, line 115)",C:\Users\balavala\Desktop\sample\ErrorMsgs\Error-Book.psp-2017-05-03-23-18-00-994825.html
Wed May 03 23:18:01 2017,Book.psp,Context\Book.psp,SyntaxError,"EOL while scanning string literal (Context_Book_psp.py, line 115)",C:\Users\balavala\Desktop\sample\ErrorMsgs\Error-Book.psp-2017-05-03-23-18-01-736396.html
Wed May 03 23:18:01 2017,Book.psp,Context\Book.psp,SyntaxError,"EOL while scanning string literal (Context_Book_psp.py, line 115)",C:\Users\balavala\Desktop\sample\ErrorMsgs\Error-Book.psp-2017-05-03-23-18-01-222009.html
Wed May 03 23:18:01 2017,Book.psp,Context\Book.psp,SyntaxError,"EOL while scanning string literal (Context_Book_psp.py, line 115)",C:\Users\balavala\Desktop\sample\ErrorMsgs\Error-Book.psp-2017-05-03-23-18-01-528800.html
Wed May 03 23:18:01 2017,Book.psp,Context\Book.psp,SyntaxError,"EOL while scanning string literal (Context_Book_psp.py, line 115)",C:\Users\balavala\Desktop\sample\ErrorMsgs\Error-Book.psp-2017-05-03-23-18-01-087424.html
Wed May 03 23:18:01 2017,Book.psp,Context\Book.psp,SyntaxError,"EOL while scanning string literal (Context_Book_psp.py, line 115)",C:\Users\balavala\Desktop\sample\ErrorMsgs\Error-Book.psp-2017-05-03-23-18-01-028423.html
Wed May 03 23:18:02 2017,Book.psp,Context\Book.psp,SyntaxError,"EOL while scanning string literal (Context_Book_psp.py, line 115)",C:\Users\balavala\Desktop\sample\ErrorMsgs\Error-Book.psp-2017-05-03-23-18-02-883007.html
Wed May 03 23:18:02 2017,Book.psp,Context\Book.psp,SyntaxError,"EOL while scanning string literal (Context_Book_psp.py, line 115)",C:\Users\balavala\Desktop\sample\ErrorMsgs\Error-Book.psp-2017-05-03-23-18-02-364425.html
Wed May 03 23:18:02 2017,Book.psp,Context\Book.psp,SyntaxError,"EOL while scanning string literal (Context_Book_psp.py, line 115)",C:\Users\balavala\Desktop\sample\ErrorMsgs\Error-Book.psp-2017-05-03-23-18-02-568216.html
Wed May 03 23:18:02 2017,Book.psp,Context\Book.psp,SyntaxError,"EOL while scanning string literal (Context_Book_psp.py, line 115)",C:\Users\balavala\Desktop\sample\ErrorMsgs\Error-Book.psp-2017-05-03-23-18-02-645049.html
Wed May 03 23:18:03 2017,Book.psp,Context\Book.psp,SyntaxError,"EOL while scanning string literal (Context_Book_psp.py, line 115)",C:\Users\balavala\Desktop\sample\ErrorMsgs\Error-Book.psp-2017-05-03-23-18-03-403133.html
Wed May 03 23:18:03 2017,Book.psp,Context\Book.psp,SyntaxError,"EOL while scanning string literal (Context_Book_psp.py, line 115)",C:\Users\balavala\Desktop\sample\ErrorMsgs\Error-Book.psp-2017-05-03-23-18-03-079895.html
Wed May 03 23:18:03 2017,Book.psp,Context\Book.psp,SyntaxError,"EOL while scanning string literal (Context_Book_psp.py, line 115)",C:\Users\balavala\Desktop\sample\ErrorMsgs\Error-Book.psp-2017-05-03-23-18-03-609140.html
Wed May 03 23:18:04 2017,Book.psp,Context\Book.psp,SyntaxError,"EOL while scanning string literal (Context_Book_psp.py, line 115)",C:\Users\balavala\Desktop\sample\ErrorMsgs\Error-Book.psp-2017-05-03-23-18-04-299455.html
Wed May 03 23:18:04 2017,Book.psp,Context\Book.psp,SyntaxError,"EOL while scanning string literal (Context_Book_psp.py, line 115)",C:\Users\balavala\Desktop\sample\ErrorMsgs\Error-Book.psp-2017-05-03-23-18-04-547040.html
Thu May 04 10:24:31 2017,IssueBook.psp,Context\IssueBook.psp,AttributeError,'Context_IssueBook_psp' object has no attribute 'get_validation_error',C:\Users\balavala\Desktop\sample\ErrorMsgs\Error-IssueBook.psp-2017-05-04-10-24-31-006519.html
Thu May 04 10:25:16 2017,IssueBook.psp,Context\IssueBook.psp,AttributeError,'NoneType' object has no attribute 'get',C:\Users\balavala\Desktop\sample\ErrorMsgs\Error-IssueBook.psp-2017-05-04-10-25-16-949281.html
Thu May 04 10:25:48 2017,IssueBook.psp,Context\IssueBook.psp,AttributeError,'NoneType' object has no attribute 'get',C:\Users\balavala\Desktop\sample\ErrorMsgs\Error-IssueBook.psp-2017-05-04-10-25-48-891649.html
Thu May 04 10:48:48 2017,IssueBook.py,Context\IssueBook.py,IntegrityError,"(sqlite3.IntegrityError) UNIQUE constraint failed: subscriptions.id [SQL: u'INSERT INTO subscriptions (id, book_id, subsriber_id, issue_from, expected_return, status) VALUES (?, ?, ?, ?, ?, ?)'] [parameters: (1, 1, 1, '2017-05-04 10:48:48.716000', '2017-06-08 10:48:48.716000', 'Issued')]",C:\Users\balavala\Desktop\sample\ErrorMsgs\Error-IssueBook.py-2017-05-04-10-48-48-028456.html
Thu May 04 21:58:08 2017,IssueBook.py,Context\IssueBook.py,NameError,global name 'issue_time' is not defined,C:\Users\balavala\Desktop\sample\ErrorMsgs\Error-IssueBook.py-2017-05-04-21-58-08-683826.html
Thu May 04 22:58:44 2017,IssueBook.psp,Context\IssueBook.psp,AttributeError,'HTTPRequest' object has no attribute 'get',C:\Users\balavala\Desktop\sample\ErrorMsgs\Error-IssueBook.psp-2017-05-04-22-58-44-880741.html
Thu May 04 23:04:09 2017,IssueBook.py,Context\IssueBook.py,AttributeError,'function' object has no attribute 'get',C:\Users\balavala\Desktop\sample\ErrorMsgs\Error-IssueBook.py-2017-05-04-23-04-09-524674.html
Thu May 04 23:04:32 2017,IssueBook.py,Context\IssueBook.py,AttributeError,'str' object has no attribute 'get',C:\Users\balavala\Desktop\sample\ErrorMsgs\Error-IssueBook.py-2017-05-04-23-04-32-363092.html
Thu May 04 23:11:12 2017,IssueBook.py,Context\IssueBook.py,AttributeError,'str' object has no attribute 'a',C:\Users\balavala\Desktop\sample\ErrorMsgs\Error-IssueBook.py-2017-05-04-23-11-12-379488.html
Thu May 04 23:34:29 2017,IssueBook.py,Context\IssueBook.py,SyntaxError,"invalid syntax (IssueBook.py, line 28)",C:\Users\balavala\Desktop\sample\ErrorMsgs\Error-IssueBook.py-2017-05-04-23-34-29-527504.html
Thu May 04 23:41:58 2017,IssueBook.py,Context\IssueBook.py,StatementError,"(exceptions.TypeError) SQLite DateTime type only accepts Python datetime and date objects as input. [SQL: u'INSERT INTO subscriptions (book_id, subsriber_id, issue_from, expected_return, status) VALUES (?, ?, ?, ?, ?)'] [parameters: [{'expected_return': '05/06/2017', 'book_id': '3', 'issue_from': '05/01/2017', 'subsriber_id': '1'}]]",C:\Users\balavala\Desktop\sample\ErrorMsgs\Error-IssueBook.py-2017-05-04-23-41-58-107919.html
Thu May 04 23:43:32 2017,IssueBook.py,Context\IssueBook.py,TypeError,"strptime() argument 1 must be string, not None",C:\Users\balavala\Desktop\sample\ErrorMsgs\Error-IssueBook.py-2017-05-04-23-43-32-165982.html
Fri May 05 10:56:37 2017,IssueBook.py,Context\IssueBook.py,ValueError,time data '' does not match format '%m/%d/%Y',C:\Users\balavala\Desktop\sample\ErrorMsgs\Error-IssueBook.py-2017-05-05-10-56-37-034970.html
Fri May 05 11:44:08 2017,IssueBook.psp,Context\IssueBook.psp,SyntaxError,"invalid syntax (IssueBook.py, line 57)",C:\Users\balavala\Desktop\sample\ErrorMsgs\Error-IssueBook.psp-2017-05-05-11-44-08-251375.html
Fri May 05 11:44:54 2017,IssueBook.psp,Context\IssueBook.psp,SyntaxError,"invalid syntax (IssueBook.py, line 57)",C:\Users\balavala\Desktop\sample\ErrorMsgs\Error-IssueBook.psp-2017-05-05-11-44-54-855022.html
Fri May 05 14:42:27 2017,Subscriber.py,Context\Subscriber.py,InvalidRequestError,Can't join table/selectable 'subscriber' to itself,C:\Users\balavala\Desktop\sample\ErrorMsgs\Error-Subscriber.py-2017-05-05-14-42-27-783801.html
Fri May 05 14:44:41 2017,Subscriber.py,Context\Subscriber.py,InvalidRequestError,Can't join table/selectable 'subscriber' to itself,C:\Users\balavala\Desktop\sample\ErrorMsgs\Error-Subscriber.py-2017-05-05-14-44-41-821112.html
Fri May 05 14:44:46 2017,Subscriber.psp,Context\Subscriber.psp,InvalidRequestError,Can't join table/selectable 'subscriber' to itself,C:\Users\balavala\Desktop\sample\ErrorMsgs\Error-Subscriber.psp-2017-05-05-14-44-46-923383.html
Fri May 05 14:45:19 2017,Subscriber.psp,Context\Subscriber.psp,InvalidRequestError,Can't join table/selectable 'subscriber' to itself,C:\Users\balavala\Desktop\sample\ErrorMsgs\Error-Subscriber.psp-2017-05-05-14-45-19-476999.html
Fri May 05 14:45:53 2017,Subscriber.psp,Context\Subscriber.psp,AttributeError,'result' object has no attribute 'get',C:\Users\balavala\Desktop\sample\ErrorMsgs\Error-Subscriber.psp-2017-05-05-14-45-53-114256.html
Fri May 05 16:13:31 2017,Subscriber.psp,Context\Subscriber.psp,TypeError,'NoneType' object is not iterable,C:\Users\balavala\Desktop\sample\ErrorMsgs\Error-Subscriber.psp-2017-05-05-16-13-31-144104.html
Fri May 05 16:13:31 2017,Subscriber.psp,Context\Subscriber.psp,TypeError,'NoneType' object is not iterable,C:\Users\balavala\Desktop\sample\ErrorMsgs\Error-Subscriber.psp-2017-05-05-16-13-31-041921.html
Fri May 05 16:13:31 2017,Subscriber.psp,Context\Subscriber.psp,TypeError,'NoneType' object is not iterable,C:\Users\balavala\Desktop\sample\ErrorMsgs\Error-Subscriber.psp-2017-05-05-16-13-31-773100.html
Fri May 05 16:13:42 2017,Subscriber.psp,Context\Subscriber.psp,InvalidRequestError,Can't join table/selectable 'subscriber' to itself,C:\Users\balavala\Desktop\sample\ErrorMsgs\Error-Subscriber.psp-2017-05-05-16-13-42-900200.html
Fri May 05 16:14:05 2017,Subscriber.psp,Context\Subscriber.psp,TypeError,unhashable type: 'dict',C:\Users\balavala\Desktop\sample\ErrorMsgs\Error-Subscriber.psp-2017-05-05-16-14-05-014230.html
Fri May 05 16:16:29 2017,Subscriber.psp,Context\Subscriber.psp,AttributeError,'result' object has no attribute 'get',C:\Users\balavala\Desktop\sample\ErrorMsgs\Error-Subscriber.psp-2017-05-05-16-16-29-316971.html
Fri May 05 16:32:18 2017,Subscriber.psp,Context\Subscriber.psp,AttributeError,'Subscriptions' object has no attribute 'name',C:\Users\balavala\Desktop\sample\ErrorMsgs\Error-Subscriber.psp-2017-05-05-16-32-18-116837.html
Fri May 05 16:43:54 2017,Subscriber.psp,Context\Subscriber.psp,TypeError,'Subscriber' object does not support indexing,C:\Users\balavala\Desktop\sample\ErrorMsgs\Error-Subscriber.psp-2017-05-05-16-43-54-145692.html
Fri May 05 16:47:31 2017,Subscriber.psp,Context\Subscriber.psp,AttributeError,type object 'Book' has no attribute 'c',C:\Users\balavala\Desktop\sample\ErrorMsgs\Error-Subscriber.psp-2017-05-05-16-47-31-650867.html
Fri May 05 16:48:02 2017,Subscriber.psp,Context\Subscriber.psp,AttributeError,'unicode' object has no attribute 'id',C:\Users\balavala\Desktop\sample\ErrorMsgs\Error-Subscriber.psp-2017-05-05-16-48-02-428044.html
Fri May 05 16:56:59 2017,Subscriber.psp,Context\Subscriber.psp,IndexError,tuple index out of range,C:\Users\balavala\Desktop\sample\ErrorMsgs\Error-Subscriber.psp-2017-05-05-16-56-59-232790.html
Fri May 05 22:23:24 2017,Subscriber.psp,Context\Subscriber.psp,UnboundLocalError,local variable 'data_dict' referenced before assignment,C:\Users\balavala\Desktop\sample\ErrorMsgs\Error-Subscriber.psp-2017-05-05-22-23-24-993755.html
Fri May 05 22:24:47 2017,Subscriber.psp,Context\Subscriber.psp,UnboundLocalError,local variable 'data_dict' referenced before assignment,C:\Users\balavala\Desktop\sample\ErrorMsgs\Error-Subscriber.psp-2017-05-05-22-24-47-004775.html
Fri May 05 22:26:54 2017,Subscriber.psp,Context\Subscriber.psp,UnboundLocalError,local variable 'data_dict' referenced before assignment,C:\Users\balavala\Desktop\sample\ErrorMsgs\Error-Subscriber.psp-2017-05-05-22-26-54-266663.html
Fri May 05 22:42:06 2017,Subscriber.psp,Context\Subscriber.psp,SyntaxError,"invalid syntax (Context_Subscriber_psp.py, line 203)",C:\Users\balavala\Desktop\sample\ErrorMsgs\Error-Subscriber.psp-2017-05-05-22-42-06-303118.html
Fri May 05 23:02:56 2017,Book.psp,Context\Book.psp,SyntaxError,"invalid syntax (Context_Book_psp.py, line 163)",C:\Users\balavala\Desktop\sample\ErrorMsgs\Error-Book.psp-2017-05-05-23-02-56-521576.html
Fri May 05 23:04:39 2017,Book.psp,Context\Book.psp,SyntaxError,"invalid syntax (Context_Book_psp.py, line 164)",C:\Users\balavala\Desktop\sample\ErrorMsgs\Error-Book.psp-2017-05-05-23-04-39-815955.html
Mon May 08 10:53:09 2017,IssueBook.py,Context\IssueBook.py,AttributeError,'Book' object has no attribute 'count',C:\Users\balavala\Desktop\sample\ErrorMsgs\Error-IssueBook.py-2017-05-08-10-53-09-125934.html
Mon May 08 11:14:44 2017,ReturnBook.psp,Context\ReturnBook.psp,NameError,name 'IssueBook' is not defined,C:\Users\balavala\Desktop\sample\ErrorMsgs\Error-ReturnBook.psp-2017-05-08-11-14-44-898427.html
Mon May 08 11:17:30 2017,ReturnBook.psp,Context\ReturnBook.psp,TypeError,unbound method __init__() must be called with Page instance as first argument (got nothing instead),C:\Users\balavala\Desktop\sample\ErrorMsgs\Error-ReturnBook.psp-2017-05-08-11-17-30-562759.html
Mon May 08 11:18:26 2017,ReturnBook.psp,Context\ReturnBook.psp,AttributeError,'Context_ReturnBook_psp' object has no attribute 'get_validation_error',C:\Users\balavala\Desktop\sample\ErrorMsgs\Error-ReturnBook.psp-2017-05-08-11-18-26-344700.html
Mon May 08 11:18:43 2017,ReturnBook.psp,Context\ReturnBook.psp,AttributeError,'Context_ReturnBook_psp' object has no attribute 'get_validation_error',C:\Users\balavala\Desktop\sample\ErrorMsgs\Error-ReturnBook.psp-2017-05-08-11-18-43-525061.html
Mon May 08 12:17:52 2017,ReturnBook.psp,Context\ReturnBook.psp,EOFError,,C:\Users\balavala\Desktop\sample\ErrorMsgs\Error-ReturnBook.psp-2017-05-08-12-17-52-754290.html
Mon May 08 14:02:33 2017,ReturnBook.py,Context\ReturnBook.py,UnmappedInstanceError,Class 'sqlalchemy.orm.query.Query' is not mapped,C:\Users\balavala\Desktop\sample\ErrorMsgs\Error-ReturnBook.py-2017-05-08-14-02-33-849058.html
Mon May 08 14:03:54 2017,ReturnBook.py,Context\ReturnBook.py,UnmappedInstanceError,Class 'sqlalchemy.orm.query.Query' is not mapped,C:\Users\balavala\Desktop\sample\ErrorMsgs\Error-ReturnBook.py-2017-05-08-14-03-54-045225.html
Mon May 08 14:06:24 2017,ReturnBook.py,Context\ReturnBook.py,UnmappedInstanceError,Class 'sqlalchemy.orm.query.Query' is not mapped,C:\Users\balavala\Desktop\sample\ErrorMsgs\Error-ReturnBook.py-2017-05-08-14-06-24-371576.html
Mon May 08 14:07:40 2017,ReturnBook.py,Context\ReturnBook.py,UnmappedInstanceError,Class 'sqlalchemy.orm.query.Query' is not mapped,C:\Users\balavala\Desktop\sample\ErrorMsgs\Error-ReturnBook.py-2017-05-08-14-07-40-906016.html
Mon May 08 14:07:58 2017,ReturnBook.py,Context\ReturnBook.py,UnmappedInstanceError,Class 'sqlalchemy.orm.query.Query' is not mapped,C:\Users\balavala\Desktop\sample\ErrorMsgs\Error-ReturnBook.py-2017-05-08-14-07-58-342317.html
Mon May 08 14:15:29 2017,ReturnBook.py,Context\ReturnBook.py,NoResultFound,No row was found for one(),C:\Users\balavala\Desktop\sample\ErrorMsgs\Error-ReturnBook.py-2017-05-08-14-15-29-349092.html
Mon May 08 15:13:18 2017,ReturnBook.py,Context\ReturnBook.py,MultipleResultsFound,Multiple rows were found for one(),C:\Users\balavala\Desktop\sample\ErrorMsgs\Error-ReturnBook.py-2017-05-08-15-13-18-946192.html
Mon May 08 15:26:57 2017,IssueBook.psp,Context\IssueBook.psp,TypeError,descriptor 'strftime' requires a 'datetime.date' object but received a 'str',C:\Users\balavala\Desktop\sample\ErrorMsgs\Error-IssueBook.psp-2017-05-08-15-26-57-904789.html
Mon May 08 15:28:43 2017,IssueBook.psp,Context\IssueBook.psp,TypeError,descriptor 'strftime' requires a 'datetime.date' object but received a 'str',C:\Users\balavala\Desktop\sample\ErrorMsgs\Error-IssueBook.psp-2017-05-08-15-28-43-268196.html
Mon May 08 15:35:59 2017,IssueBook.psp,Context\IssueBook.psp,TypeError,strptime() takes exactly 2 arguments (1 given),C:\Users\balavala\Desktop\sample\ErrorMsgs\Error-IssueBook.psp-2017-05-08-15-35-59-636232.html
Mon May 08 15:36:41 2017,IssueBook.psp,Context\IssueBook.psp,TypeError,"strptime() argument 2 must be string, not datetime.datetime",C:\Users\balavala\Desktop\sample\ErrorMsgs\Error-IssueBook.psp-2017-05-08-15-36-41-238644.html
Mon May 08 15:37:20 2017,IssueBook.psp,Context\IssueBook.psp,ValueError,time data '%Y-%m-%d HH:MM:SS' does not match format '2017-05-08 00:00:00',C:\Users\balavala\Desktop\sample\ErrorMsgs\Error-IssueBook.psp-2017-05-08-15-37-20-677717.html
Mon May 08 15:38:01 2017,IssueBook.psp,Context\IssueBook.psp,TypeError,descriptor 'strftime' requires a 'datetime.date' object but received a 'str',C:\Users\balavala\Desktop\sample\ErrorMsgs\Error-IssueBook.psp-2017-05-08-15-38-01-941003.html
Mon May 08 15:38:16 2017,IssueBook.psp,Context\IssueBook.psp,TypeError,descriptor 'strftime' requires a 'datetime.date' object but received a 'str',C:\Users\balavala\Desktop\sample\ErrorMsgs\Error-IssueBook.psp-2017-05-08-15-38-16-756193.html
Mon May 08 15:39:03 2017,IssueBook.psp,Context\IssueBook.psp,TypeError,"strptime() argument 2 must be string, not datetime.datetime",C:\Users\balavala\Desktop\sample\ErrorMsgs\Error-IssueBook.psp-2017-05-08-15-39-03-423079.html
Mon May 08 15:39:23 2017,IssueBook.psp,Context\IssueBook.psp,ValueError,time data '%Y-%m-%d %H:%M:%S' does not match format '2017-05-08 00:00:00',C:\Users\balavala\Desktop\sample\ErrorMsgs\Error-IssueBook.psp-2017-05-08-15-39-23-153793.html
Mon May 08 15:40:02 2017,IssueBook.psp,Context\IssueBook.psp,ValueError,time data '%Y-%m-%d' does not match format '2017-05-08',C:\Users\balavala\Desktop\sample\ErrorMsgs\Error-IssueBook.psp-2017-05-08-15-40-02-443598.html
Mon May 08 15:40:23 2017,IssueBook.psp,Context\IssueBook.psp,ValueError,time data '%Y-%m-%d' does not match format '2017-05-08 00:00:00',C:\Users\balavala\Desktop\sample\ErrorMsgs\Error-IssueBook.psp-2017-05-08-15-40-23-310280.html
